DrugBankID,DiseaseID,miRNA
DB00783,D003920,let-7a
DB00773,D003920,let-7a
DB03843,D003920,let-7a
DB00331,D003920,let-7a
DB00544,D003920,let-7a
DB01169,D003920,let-7a
DB00169,D003920,let-7a
DB00783,D008175,let-7a
DB00773,D008175,let-7a
DB03843,D008175,let-7a
DB00467,D008175,let-7a
DB00331,D008175,let-7a
DB00544,D008175,let-7a
DB01169,D008175,let-7a
DB00169,D008175,let-7a
DB00783,D000544,let-7a
DB00773,D000544,let-7a
DB03843,D000544,let-7a
DB00331,D000544,let-7a
DB00544,D000544,let-7a
DB01169,D000544,let-7a
DB00169,D000544,let-7a
DB00783,D010003,let-7a
DB00773,D010003,let-7a
DB03843,D010003,let-7a
DB00331,D010003,let-7a
DB00544,D010003,let-7a
DB01169,D010003,let-7a
DB00169,D010003,let-7a
DB00783,D002357,let-7a
DB00773,D002357,let-7a
DB03843,D002357,let-7a
DB00331,D002357,let-7a
DB00544,D002357,let-7a
DB01169,D002357,let-7a
DB00783,D001943,let-7a
DB00773,D001943,let-7a
DB03843,D001943,let-7a
DB00467,D001943,let-7a
DB00331,D001943,let-7a
DB00544,D001943,let-7a
DB01169,D001943,let-7a
DB00169,D001943,let-7a
DB00783,D009203,let-7a
DB00773,D009203,let-7a
DB03843,D009203,let-7a
DB00331,D009203,let-7a
DB00544,D009203,let-7a
DB01169,D009203,let-7a
DB00169,D009203,let-7a
DB00783,D058186,let-7a
DB00773,D058186,let-7a
DB03843,D058186,let-7a
DB00467,D058186,let-7a
DB00331,D058186,let-7a
DB00544,D058186,let-7a
DB01169,D058186,let-7a
DB00169,D058186,let-7a
DB00783,D009765,let-7a
DB00773,D009765,let-7a
DB03843,D009765,let-7a
DB00331,D009765,let-7a
DB00544,D009765,let-7a
DB01169,D009765,let-7a
DB00169,D009765,let-7a
DB00783,D005757,let-7a
DB00773,D005757,let-7a
DB03843,D005757,let-7a
DB00331,D005757,let-7a
DB00544,D005757,let-7a
DB01169,D005757,let-7a
DB00169,D005757,let-7a
DB00783,D034701,let-7a
DB00783,D006566,let-7a
DB00783,D000072716,let-7a
DB00773,D000072716,let-7a
DB00331,D000072716,let-7a
DB00783,D056770,let-7a
DB00783,D006967,let-7a
DB00773,D006967,let-7a
DB03843,D006967,let-7a
DB00331,D006967,let-7a
DB00544,D006967,let-7a
DB01169,D006967,let-7a
DB00169,D006967,let-7a
DB00783,D003872,let-7a
DB00773,D003872,let-7a
DB03843,D003872,let-7a
DB00331,D003872,let-7a
DB00544,D003872,let-7a
DB01169,D003872,let-7a
DB00169,D003872,let-7a
DB00783,D000077273,let-7a
DB00773,D000077273,let-7a
DB03843,D000077273,let-7a
DB00331,D000077273,let-7a
DB00544,D000077273,let-7a
DB01169,D000077273,let-7a
DB00783,D020964,let-7a
DB00773,D020964,let-7a
DB03843,D020964,let-7a
DB00331,D020964,let-7a
DB00544,D020964,let-7a
DB01169,D020964,let-7a
DB00169,D020964,let-7a
DB00783,D000077277,let-7a
DB00773,D000077277,let-7a
DB03843,D000077277,let-7a
DB00331,D000077277,let-7a
DB00544,D000077277,let-7a
DB01169,D000077277,let-7a
DB00169,D000077277,let-7a
DB00783,D011225,let-7a
DB00773,D011225,let-7a
DB03843,D011225,let-7a
DB00331,D011225,let-7a
DB00544,D011225,let-7a
DB01169,D011225,let-7a
DB00169,D011225,let-7a
DB00783,D012559,let-7a
DB00773,D012559,let-7a
DB03843,D012559,let-7a
DB00467,D012559,let-7a
DB00331,D012559,let-7a
DB00544,D012559,let-7a
DB01169,D012559,let-7a
DB00169,D012559,let-7a
DB00783,D010051,let-7a
DB00773,D010051,let-7a
DB03843,D010051,let-7a
DB00331,D010051,let-7a
DB00544,D010051,let-7a
DB01169,D010051,let-7a
DB00169,D010051,let-7a
DB03843,D000795,let-7a
DB00544,D000795,let-7a
DB01169,D000795,let-7a
DB00783,D010024,let-7a
DB00773,D010024,let-7a
DB03843,D010024,let-7a
DB00331,D010024,let-7a
DB00544,D010024,let-7a
DB01169,D010024,let-7a
DB00169,D010024,let-7a
DB00783,D002583,let-7a
DB00773,D002583,let-7a
DB03843,D002583,let-7a
DB00331,D002583,let-7a
DB00544,D002583,let-7a
DB01169,D002583,let-7a
DB00169,D002583,let-7a
DB00783,D000086382,let-7a
DB00773,D000086382,let-7a
DB03843,D000086382,let-7a
DB00331,D000086382,let-7a
DB00544,D000086382,let-7a
DB01169,D000086382,let-7a
DB00169,D000086382,let-7a
DB00783,D003924,let-7a
DB00773,D003924,let-7a
DB03843,D003924,let-7a
DB00467,D003924,let-7a
DB00331,D003924,let-7a
DB00544,D003924,let-7a
DB01169,D003924,let-7a
DB00169,D003924,let-7a
DB00783,D015179,let-7a
DB00773,D015179,let-7a
DB03843,D015179,let-7a
DB00467,D015179,let-7a
DB00331,D015179,let-7a
DB00544,D015179,let-7a
DB01169,D015179,let-7a
DB00169,D015179,let-7a
DB00783,D000072660,let-7a
DB00773,D000072660,let-7a
DB03843,D000072660,let-7a
DB00331,D000072660,let-7a
DB00544,D000072660,let-7a
DB01169,D000072660,let-7a
DB00169,D000072660,let-7a
DB00783,D012175,let-7a
DB00773,D012175,let-7a
DB00544,D012175,let-7a
DB01169,D012175,let-7a
DB00169,D012175,let-7a
DB00783,D008171,let-7a
DB00773,D008171,let-7a
DB03843,D008171,let-7a
DB00331,D008171,let-7a
DB00544,D008171,let-7a
DB01169,D008171,let-7a
DB00169,D008171,let-7a
DB00783,D002289,let-7a
DB00773,D002289,let-7a
DB03843,D002289,let-7a
DB00467,D002289,let-7a
DB00331,D002289,let-7a
DB00544,D002289,let-7a
DB01169,D002289,let-7a
DB00169,D002289,let-7a
DB00783,D000077195,let-7a
DB00773,D000077195,let-7a
DB03843,D000077195,let-7a
DB00331,D000077195,let-7a
DB00544,D000077195,let-7a
DB01169,D000077195,let-7a
DB00169,D000077195,let-7a
DB00783,D018239,let-7a
DB00773,D018239,let-7a
DB03843,D018239,let-7a
DB00331,D018239,let-7a
DB00544,D018239,let-7a
DB01169,D018239,let-7a
DB00783,D010300,let-7a
DB00773,D010300,let-7a
DB03843,D010300,let-7a
DB00467,D010300,let-7a
DB00331,D010300,let-7a
DB00544,D010300,let-7a
DB01169,D010300,let-7a
DB00169,D010300,let-7a
DB00783,D008545,let-7a
DB00773,D008545,let-7a
DB03843,D008545,let-7a
DB00331,D008545,let-7a
DB00544,D008545,let-7a
DB01169,D008545,let-7a
DB00169,D008545,let-7a
DB00783,D003110,let-7a
DB00773,D003110,let-7a
DB03843,D003110,let-7a
DB00467,D003110,let-7a
DB00331,D003110,let-7a
DB00544,D003110,let-7a
DB01169,D003110,let-7a
DB00169,D003110,let-7a
DB00783,D018805,let-7a
DB00773,D018805,let-7a
DB03843,D018805,let-7a
DB00331,D018805,let-7a
DB00544,D018805,let-7a
DB01169,D018805,let-7a
DB00169,D018805,let-7a
DB00783,D007822,let-7a
DB00544,D007822,let-7a
DB01169,D007822,let-7a
DB00783,D012516,let-7a
DB00773,D012516,let-7a
DB03843,D012516,let-7a
DB00467,D012516,let-7a
DB00331,D012516,let-7a
DB00544,D012516,let-7a
DB01169,D012516,let-7a
DB00169,D012516,let-7a
DB00783,D017544,let-7a
DB00773,D017544,let-7a
DB03843,D017544,let-7a
DB00331,D017544,let-7a
DB00544,D017544,let-7a
DB01169,D017544,let-7a
DB00169,D017544,let-7a
DB00783,D014657,let-7a
DB00773,D014657,let-7a
DB03843,D014657,let-7a
DB00331,D014657,let-7a
DB00544,D014657,let-7a
DB01169,D014657,let-7a
DB00783,D001249,let-7a
DB00773,D001249,let-7a
DB03843,D001249,let-7a
DB00467,D001249,let-7a
DB00331,D001249,let-7a
DB00544,D001249,let-7a
DB01169,D001249,let-7a
DB00169,D001249,let-7a
DB00783,D004769,let-7a
DB03843,D004769,let-7a
DB00331,D004769,let-7a
DB01169,D004769,let-7a
DB00783,D013981,let-7a
DB00783,D006949,let-7a
DB00773,D006949,let-7a
DB03843,D006949,let-7a
DB00331,D006949,let-7a
DB00544,D006949,let-7a
DB01169,D006949,let-7a
DB00169,D006949,let-7a
DB00783,D008228,let-7a
DB00773,D008228,let-7a
DB03843,D008228,let-7a
DB00331,D008228,let-7a
DB00544,D008228,let-7a
DB01169,D008228,let-7a
DB00169,D008228,let-7a
DB00783,D008113,let-7a
DB00773,D008113,let-7a
DB03843,D008113,let-7a
DB00331,D008113,let-7a
DB00544,D008113,let-7a
DB01169,D008113,let-7a
DB00169,D008113,let-7a
DB00783,D008103,let-7a
DB00773,D008103,let-7a
DB03843,D008103,let-7a
DB00467,D008103,let-7a
DB00331,D008103,let-7a
DB00544,D008103,let-7a
DB01169,D008103,let-7a
DB00169,D008103,let-7a
DB00783,D018281,let-7a
DB00773,D018281,let-7a
DB03843,D018281,let-7a
DB00331,D018281,let-7a
DB00544,D018281,let-7a
DB01169,D018281,let-7a
DB00169,D018281,let-7a
DB00783,D002296,let-7a
DB03843,D002296,let-7a
DB00331,D002296,let-7a
DB00544,D002296,let-7a
DB01169,D002296,let-7a
DB00169,D002296,let-7a
DB00783,D002658,let-7a
DB00773,D002658,let-7a
DB03843,D002658,let-7a
DB00331,D002658,let-7a
DB00544,D002658,let-7a
DB01169,D002658,let-7a
DB00169,D002658,let-7a
DB00783,D006333,let-7a
DB00773,D006333,let-7a
DB03843,D006333,let-7a
DB00331,D006333,let-7a
DB00544,D006333,let-7a
DB01169,D006333,let-7a
DB00169,D006333,let-7a
DB00783,D013274,let-7a
DB00773,D013274,let-7a
DB03843,D013274,let-7a
DB00467,D013274,let-7a
DB00331,D013274,let-7a
DB00544,D013274,let-7a
DB01169,D013274,let-7a
DB00169,D013274,let-7a
DB00783,D008268,let-7a
DB00773,D008268,let-7a
DB03843,D008268,let-7a
DB00331,D008268,let-7a
DB00544,D008268,let-7a
DB01169,D008268,let-7a
DB00169,D008268,let-7a
DB00783,D003930,let-7a
DB00773,D003930,let-7a
DB03843,D003930,let-7a
DB00331,D003930,let-7a
DB00544,D003930,let-7a
DB01169,D003930,let-7a
DB00169,D003930,let-7a
DB00783,D006689,let-7a
DB00773,D006689,let-7a
DB03843,D006689,let-7a
DB00467,D006689,let-7a
DB00331,D006689,let-7a
DB00544,D006689,let-7a
DB01169,D006689,let-7a
DB00783,D002386,let-7a
DB00773,D002386,let-7a
DB03843,D002386,let-7a
DB00331,D002386,let-7a
DB00544,D002386,let-7a
DB01169,D002386,let-7a
DB00169,D002386,let-7a
DB00783,D000077216,let-7a
DB00773,D000077216,let-7a
DB03843,D000077216,let-7a
DB00331,D000077216,let-7a
DB00544,D000077216,let-7a
DB01169,D000077216,let-7a
DB00169,D000077216,let-7a
DB00783,D058922,let-7a
DB00773,D058922,let-7a
DB03843,D058922,let-7a
DB00331,D058922,let-7a
DB00544,D058922,let-7a
DB01169,D058922,let-7a
DB00783,D009298,let-7a
DB00331,D009298,let-7a
DB00544,D009298,let-7a
DB01169,D009298,let-7a
DB00783,D001172,let-7a
DB00773,D001172,let-7a
DB03843,D001172,let-7a
DB00331,D001172,let-7a
DB00544,D001172,let-7a
DB01169,D001172,let-7a
DB00169,D001172,let-7a
DB00783,D002561,let-7a
DB00773,D002561,let-7a
DB03843,D002561,let-7a
DB00331,D002561,let-7a
DB00544,D002561,let-7a
DB01169,D002561,let-7a
DB00169,D002561,let-7a
DB00783,D009190,let-7a
DB00773,D009190,let-7a
DB03843,D009190,let-7a
DB00331,D009190,let-7a
DB00544,D009190,let-7a
DB01169,D009190,let-7a
DB00169,D009190,let-7a
DB00783,D010505,let-7a
DB00783,D014376,let-7a
DB03843,D014376,let-7a
DB01169,D014376,let-7a
DB00169,D014376,let-7a
DB00783,D066126,let-7a
DB00773,D066126,let-7a
DB03843,D066126,let-7a
DB00331,D066126,let-7a
DB00544,D066126,let-7a
DB01169,D066126,let-7a
DB00169,D066126,let-7a
DB00783,D013119,let-7a
DB00773,D013119,let-7a
DB03843,D013119,let-7a
DB00331,D013119,let-7a
DB00544,D013119,let-7a
DB01169,D013119,let-7a
DB00169,D013119,let-7a
DB00783,D009101,let-7a
DB00773,D009101,let-7a
DB03843,D009101,let-7a
DB00331,D009101,let-7a
DB00544,D009101,let-7a
DB01169,D009101,let-7a
DB00169,D009101,let-7a
DB00783,D007674,let-7a
DB00773,D007674,let-7a
DB03843,D007674,let-7a
DB00467,D007674,let-7a
DB00331,D007674,let-7a
DB00544,D007674,let-7a
DB01169,D007674,let-7a
DB00169,D007674,let-7a
DB00169,D011236,let-7a
DB00783,D010520,let-7a
DB00331,D010520,let-7a
DB01169,D010520,let-7a
DB00783,D006526,let-7a
DB00773,D006526,let-7a
DB03843,D006526,let-7a
DB00331,D006526,let-7a
DB00544,D006526,let-7a
DB01169,D006526,let-7a
DB00169,D006526,let-7a
DB00783,D016640,let-7a
DB00773,D016640,let-7a
DB03843,D016640,let-7a
DB00331,D016640,let-7a
DB00544,D016640,let-7a
DB01169,D016640,let-7a
DB00169,D016640,let-7a
DB00783,D001661,let-7a
DB03843,D001661,let-7a
DB01169,D001661,let-7a
DB00783,D011471,let-7a
DB00773,D011471,let-7a
DB03843,D011471,let-7a
DB00467,D011471,let-7a
DB00331,D011471,let-7a
DB00544,D011471,let-7a
DB01169,D011471,let-7a
DB00169,D011471,let-7a
DB00783,D002318,let-7a
DB00773,D002318,let-7a
DB03843,D002318,let-7a
DB00331,D002318,let-7a
DB00544,D002318,let-7a
DB01169,D002318,let-7a
DB00169,D002318,let-7a
DB00783,D007246,let-7a
DB03843,D007246,let-7a
DB01169,D007246,let-7a
DB00169,D007246,let-7a
DB00783,D053713,let-7a
DB00773,D053713,let-7a
DB03843,D053713,let-7a
DB00331,D053713,let-7a
DB00544,D053713,let-7a
DB01169,D053713,let-7a
DB00169,D053713,let-7a
DB00783,D006528,let-7a
DB00773,D006528,let-7a
DB03843,D006528,let-7a
DB00467,D006528,let-7a
DB00331,D006528,let-7a
DB00544,D006528,let-7a
DB01169,D006528,let-7a
DB00169,D006528,let-7a
DB00783,D002779,let-7a
DB00773,D002779,let-7a
DB03843,D002779,let-7a
DB00467,D002779,let-7a
DB00331,D002779,let-7a
DB00544,D002779,let-7a
DB01169,D002779,let-7a
DB00169,D002779,let-7a
DB00783,D024821,let-7a
DB00773,D024821,let-7a
DB03843,D024821,let-7a
DB00331,D024821,let-7a
DB00544,D024821,let-7a
DB01169,D024821,let-7a
DB00169,D024821,let-7a
DB00783,D006323,let-7a
DB00773,D006323,let-7a
DB03843,D006323,let-7a
DB00331,D006323,let-7a
DB00544,D006323,let-7a
DB01169,D006323,let-7a
DB00169,D006323,let-7a
DB00783,D050500,let-7a
DB00773,D050500,let-7a
DB03843,D050500,let-7a
DB00544,D050500,let-7a
DB01169,D050500,let-7a
DB00783,D005910,let-7a
DB00773,D005910,let-7a
DB03843,D005910,let-7a
DB00467,D005910,let-7a
DB00331,D005910,let-7a
DB00544,D005910,let-7a
DB01169,D005910,let-7a
DB00169,D005910,let-7a
DB00783,D000081029,let-7a
DB00331,D000081029,let-7a
DB01169,D000081029,let-7a
DB00783,D008223,let-7a
DB00773,D008223,let-7a
DB03843,D008223,let-7a
DB00331,D008223,let-7a
DB00544,D008223,let-7a
DB01169,D008223,let-7a
DB00169,D008223,let-7a
DB00783,D015459,let-7a
DB00773,D015459,let-7a
DB03843,D015459,let-7a
DB00331,D015459,let-7a
DB00544,D015459,let-7a
DB01169,D015459,let-7a
DB00169,D015459,let-7a
DB00783,D009133,let-7a
DB00773,D009133,let-7a
DB03843,D009133,let-7a
DB00467,D009133,let-7a
DB00331,D009133,let-7a
DB00544,D009133,let-7a
DB01169,D009133,let-7a
DB00169,D009133,let-7a
DB00783,D001749,let-7a
DB00773,D001749,let-7a
DB03843,D001749,let-7a
DB00467,D001749,let-7a
DB00331,D001749,let-7a
DB00544,D001749,let-7a
DB01169,D001749,let-7a
DB00169,D001749,let-7a
DB00783,D003865,let-7a
DB00773,D003865,let-7a
DB03843,D003865,let-7a
DB00331,D003865,let-7a
DB00544,D003865,let-7a
DB01169,D003865,let-7a
DB00169,D003865,let-7a
DB00783,D029424,let-7a
DB00773,D029424,let-7a
DB03843,D029424,let-7a
DB00467,D029424,let-7a
DB00331,D029424,let-7a
DB00544,D029424,let-7a
DB01169,D029424,let-7a
DB00169,D029424,let-7a
DB00783,D064726,let-7a
DB00773,D064726,let-7a
DB03843,D064726,let-7a
DB00331,D064726,let-7a
DB00544,D064726,let-7a
DB01169,D064726,let-7a
DB00169,D064726,let-7a
DB00783,D015433,let-7a
DB03843,D015433,let-7a
DB00331,D015433,let-7a
DB00544,D015433,let-7a
DB01169,D015433,let-7a
DB00169,D015433,let-7a
DB00783,D009767,let-7a
DB00773,D009767,let-7a
DB03843,D009767,let-7a
DB00331,D009767,let-7a
DB00544,D009767,let-7a
DB01169,D009767,let-7a
DB00783,D001281,let-7a
DB00773,D001281,let-7a
DB03843,D001281,let-7a
DB00467,D001281,let-7a
DB00331,D001281,let-7a
DB00544,D001281,let-7a
DB01169,D001281,let-7a
DB00169,D001281,let-7a
DB00783,D003928,let-7a
DB00773,D003928,let-7a
DB03843,D003928,let-7a
DB00331,D003928,let-7a
DB00544,D003928,let-7a
DB01169,D003928,let-7a
DB00169,D003928,let-7a
DB00997,D003920,let-7e
DB00783,D003920,let-7e
DB00773,D003920,let-7e
DB03843,D003920,let-7e
DB00544,D003920,let-7e
DB01128,D003920,let-7e
DB00997,D000544,let-7e
DB00783,D000544,let-7e
DB00773,D000544,let-7e
DB03843,D000544,let-7e
DB00544,D000544,let-7e
DB01128,D000544,let-7e
DB00997,D007249,let-7e
DB00783,D007249,let-7e
DB00773,D007249,let-7e
DB03843,D007249,let-7e
DB00544,D007249,let-7e
DB01128,D007249,let-7e
DB00997,D001022,let-7e
DB00783,D001022,let-7e
DB00773,D001022,let-7e
DB03843,D001022,let-7e
DB00544,D001022,let-7e
DB00783,D001228,let-7e
DB03843,D001228,let-7e
DB00997,D020370,let-7e
DB00783,D020370,let-7e
DB00997,D015451,let-7e
DB00783,D015451,let-7e
DB00773,D015451,let-7e
DB03843,D015451,let-7e
DB00544,D015451,let-7e
DB01128,D015451,let-7e
DB00997,D010051,let-7e
DB00783,D010051,let-7e
DB00773,D010051,let-7e
DB03843,D010051,let-7e
DB00544,D010051,let-7e
DB01128,D010051,let-7e
DB00997,D003865,let-7e
DB00783,D003865,let-7e
DB00773,D003865,let-7e
DB03843,D003865,let-7e
DB00544,D003865,let-7e
DB01128,D003865,let-7e
DB00997,D008113,let-7e
DB00783,D008113,let-7e
DB00773,D008113,let-7e
DB03843,D008113,let-7e
DB00544,D008113,let-7e
DB01128,D008113,let-7e
DB00997,D006457,let-7e
DB00783,D006457,let-7e
DB00773,D006457,let-7e
DB00997,D015179,let-7e
DB00783,D015179,let-7e
DB00773,D015179,let-7e
DB03843,D015179,let-7e
DB00544,D015179,let-7e
DB01128,D015179,let-7e
DB00783,D013981,let-7e
DB01128,D013981,let-7e
DB00997,D003924,let-7e
DB00783,D003924,let-7e
DB00773,D003924,let-7e
DB03843,D003924,let-7e
DB00544,D003924,let-7e
DB01128,D003924,let-7e
DB00997,D002289,let-7e
DB00783,D002289,let-7e
DB00773,D002289,let-7e
DB03843,D002289,let-7e
DB00544,D002289,let-7e
DB01128,D002289,let-7e
DB00997,D055959,let-7e
DB00783,D055959,let-7e
DB00773,D055959,let-7e
DB03843,D055959,let-7e
DB00544,D055959,let-7e
DB01128,D055959,let-7e
DB00783,D000081029,let-7e
DB00997,D009765,let-7e
DB00783,D009765,let-7e
DB00773,D009765,let-7e
DB03843,D009765,let-7e
DB00544,D009765,let-7e
DB01128,D009765,let-7e
DB00997,D000751,let-7e
DB00783,D000751,let-7e
DB00997,D012164,let-7e
DB00783,D012164,let-7e
DB00773,D012164,let-7e
DB03843,D012164,let-7e
DB00544,D012164,let-7e
DB01128,D012164,let-7e
DB00997,D006332,let-7e
DB00783,D006332,let-7e
DB00773,D006332,let-7e
DB03843,D006332,let-7e
DB00544,D006332,let-7e
DB01128,D006332,let-7e
DB00997,D001943,let-7e
DB00783,D001943,let-7e
DB00773,D001943,let-7e
DB03843,D001943,let-7e
DB00544,D001943,let-7e
DB01128,D001943,let-7e
DB00997,D014376,let-7e
DB00783,D014376,let-7e
DB03843,D014376,let-7e
DB00997,D013274,let-7e
DB00783,D013274,let-7e
DB00773,D013274,let-7e
DB03843,D013274,let-7e
DB00544,D013274,let-7e
DB01128,D013274,let-7e
DB00997,D000075222,let-7e
DB00783,D000075222,let-7e
DB00773,D000075222,let-7e
DB03843,D000075222,let-7e
DB00544,D000075222,let-7e
DB01128,D000075222,let-7e
DB00997,D013964,let-7e
DB00783,D013964,let-7e
DB00773,D013964,let-7e
DB03843,D013964,let-7e
DB00544,D013964,let-7e
DB01128,D013964,let-7e
DB00997,D009133,let-7e
DB00783,D009133,let-7e
DB00773,D009133,let-7e
DB03843,D009133,let-7e
DB00544,D009133,let-7e
DB01128,D009133,let-7e
DB00997,D000077274,let-7e
DB00783,D000077274,let-7e
DB00773,D000077274,let-7e
DB03843,D000077274,let-7e
DB00544,D000077274,let-7e
DB01128,D000077274,let-7e
DB00997,D010003,let-7e
DB00783,D010003,let-7e
DB00773,D010003,let-7e
DB03843,D010003,let-7e
DB00544,D010003,let-7e
DB01128,D010003,let-7e
DB00997,D007938,let-7e
DB00783,D007938,let-7e
DB00773,D007938,let-7e
DB03843,D007938,let-7e
DB00544,D007938,let-7e
DB01128,D007938,let-7e
DB00997,D020371,let-7e
DB00783,D020371,let-7e
DB00773,D020371,let-7e
DB00544,D020371,let-7e
DB01128,D020371,let-7e
DB00997,D006402,let-7e
DB00783,D006402,let-7e
DB00773,D006402,let-7e
DB03843,D006402,let-7e
DB00544,D006402,let-7e
DB00997,D000086382,let-7e
DB00783,D000086382,let-7e
DB00773,D000086382,let-7e
DB03843,D000086382,let-7e
DB00544,D000086382,let-7e
DB01128,D000086382,let-7e
DB00997,D010911,let-7e
DB00783,D010911,let-7e
DB00773,D010911,let-7e
DB03843,D010911,let-7e
DB00544,D010911,let-7e
DB01128,D010911,let-7e
DB00997,D011085,let-7e
DB00783,D011085,let-7e
DB00773,D011085,let-7e
DB03843,D011085,let-7e
DB00544,D011085,let-7e
DB01128,D011085,let-7e
DB00997,D006528,let-7e
DB00783,D006528,let-7e
DB00773,D006528,let-7e
DB03843,D006528,let-7e
DB00544,D006528,let-7e
DB01128,D006528,let-7e
DB00997,D000077195,let-7e
DB00783,D000077195,let-7e
DB00773,D000077195,let-7e
DB03843,D000077195,let-7e
DB00544,D000077195,let-7e
DB01128,D000077195,let-7e
DB00997,D000077273,let-7e
DB00783,D000077273,let-7e
DB00773,D000077273,let-7e
DB03843,D000077273,let-7e
DB00544,D000077273,let-7e
DB01128,D000077273,let-7e
DB00997,D005910,let-7e
DB00783,D005910,let-7e
DB00773,D005910,let-7e
DB03843,D005910,let-7e
DB00544,D005910,let-7e
DB01128,D005910,let-7e
DB00997,D012509,let-7e
DB00783,D012509,let-7e
DB00773,D012509,let-7e
DB03843,D012509,let-7e
DB00544,D012509,let-7e
DB01128,D012509,let-7e
DB00997,D009203,let-7e
DB00783,D009203,let-7e
DB00773,D009203,let-7e
DB03843,D009203,let-7e
DB00544,D009203,let-7e
DB01128,D009203,let-7e
DB00755,D012559,let-7d
DB00783,D012559,let-7d
DB00907,D012559,let-7d
DB03843,D012559,let-7d
DB00544,D012559,let-7d
DB01169,D012559,let-7d
DB00169,D012559,let-7d
DB00853,D012559,let-7d
DB00755,D010182,let-7d
DB00783,D010182,let-7d
DB00907,D010182,let-7d
DB03843,D010182,let-7d
DB00544,D010182,let-7d
DB01169,D010182,let-7d
DB00169,D010182,let-7d
DB00853,D010182,let-7d
DB00755,D011230,let-7d
DB00783,D011230,let-7d
DB00907,D011230,let-7d
DB03843,D011230,let-7d
DB00544,D011230,let-7d
DB01169,D011230,let-7d
DB00169,D011230,let-7d
DB00853,D011230,let-7d
DB00755,D002583,let-7d
DB00783,D002583,let-7d
DB00907,D002583,let-7d
DB03843,D002583,let-7d
DB00544,D002583,let-7d
DB01169,D002583,let-7d
DB00169,D002583,let-7d
DB00853,D002583,let-7d
DB00755,D009765,let-7d
DB00783,D009765,let-7d
DB00907,D009765,let-7d
DB03843,D009765,let-7d
DB00544,D009765,let-7d
DB01169,D009765,let-7d
DB00169,D009765,let-7d
DB00853,D009765,let-7d
DB00755,D007333,let-7d
DB00783,D007333,let-7d
DB00907,D007333,let-7d
DB03843,D007333,let-7d
DB00544,D007333,let-7d
DB01169,D007333,let-7d
DB00169,D007333,let-7d
DB00853,D007333,let-7d
DB00755,D001008,let-7d
DB00783,D001008,let-7d
DB00907,D001008,let-7d
DB03843,D001008,let-7d
DB00544,D001008,let-7d
DB01169,D001008,let-7d
DB00169,D001008,let-7d
DB00853,D001008,let-7d
DB00755,D001523,let-7d
DB00783,D001523,let-7d
DB00907,D001523,let-7d
DB03843,D001523,let-7d
DB00544,D001523,let-7d
DB01169,D001523,let-7d
DB00169,D001523,let-7d
DB00853,D001523,let-7d
DB00755,D010922,let-7d
DB00783,D010922,let-7d
DB00907,D010922,let-7d
DB03843,D010922,let-7d
DB00544,D010922,let-7d
DB01169,D010922,let-7d
DB00169,D010922,let-7d
DB00853,D010922,let-7d
DB00755,D019970,let-7d
DB00783,D019970,let-7d
DB00907,D019970,let-7d
DB03843,D019970,let-7d
DB00544,D019970,let-7d
DB01169,D019970,let-7d
DB00169,D019970,let-7d
DB00853,D019970,let-7d
DB00907,D018218,let-7d
DB00755,D000795,let-7d
DB03843,D000795,let-7d
DB00544,D000795,let-7d
DB01169,D000795,let-7d
DB00755,D011225,let-7d
DB00783,D011225,let-7d
DB00907,D011225,let-7d
DB03843,D011225,let-7d
DB00544,D011225,let-7d
DB01169,D011225,let-7d
DB00169,D011225,let-7d
DB00853,D011225,let-7d
DB00755,D001943,let-7d
DB00783,D001943,let-7d
DB00907,D001943,let-7d
DB03843,D001943,let-7d
DB00544,D001943,let-7d
DB01169,D001943,let-7d
DB00169,D001943,let-7d
DB00853,D001943,let-7d
DB00755,D011658,let-7d
DB00783,D011658,let-7d
DB00907,D011658,let-7d
DB03843,D011658,let-7d
DB00544,D011658,let-7d
DB01169,D011658,let-7d
DB00169,D011658,let-7d
DB00853,D011658,let-7d
DB00755,D015179,let-7d
DB00783,D015179,let-7d
DB00907,D015179,let-7d
DB03843,D015179,let-7d
DB00544,D015179,let-7d
DB01169,D015179,let-7d
DB00169,D015179,let-7d
DB00853,D015179,let-7d
DB00755,D000081029,let-7d
DB00783,D000081029,let-7d
DB00907,D000081029,let-7d
DB01169,D000081029,let-7d
DB00755,D000077216,let-7d
DB00783,D000077216,let-7d
DB00907,D000077216,let-7d
DB03843,D000077216,let-7d
DB00544,D000077216,let-7d
DB01169,D000077216,let-7d
DB00169,D000077216,let-7d
DB00853,D000077216,let-7d
DB00755,D019636,let-7d
DB00783,D019636,let-7d
DB00907,D019636,let-7d
DB03843,D019636,let-7d
DB00544,D019636,let-7d
DB01169,D019636,let-7d
DB00169,D019636,let-7d
DB00853,D019636,let-7d
DB00755,D009203,let-7d
DB00783,D009203,let-7d
DB00907,D009203,let-7d
DB03843,D009203,let-7d
DB00544,D009203,let-7d
DB01169,D009203,let-7d
DB00169,D009203,let-7d
DB00853,D009203,let-7d
DB00755,D001289,let-7d
DB00783,D001289,let-7d
DB00907,D001289,let-7d
DB03843,D001289,let-7d
DB00544,D001289,let-7d
DB01169,D001289,let-7d
DB00853,D001289,let-7d
DB00755,D004314,let-7d
DB00783,D004314,let-7d
DB00907,D004314,let-7d
DB03843,D004314,let-7d
DB00544,D004314,let-7d
DB01169,D004314,let-7d
DB00169,D004314,let-7d
DB00853,D004314,let-7d
DB00755,D000077195,let-7d
DB00783,D000077195,let-7d
DB00907,D000077195,let-7d
DB03843,D000077195,let-7d
DB00544,D000077195,let-7d
DB01169,D000077195,let-7d
DB00169,D000077195,let-7d
DB00853,D000077195,let-7d
DB00755,D009190,let-7d
DB00783,D009190,let-7d
DB00907,D009190,let-7d
DB03843,D009190,let-7d
DB00544,D009190,let-7d
DB01169,D009190,let-7d
DB00169,D009190,let-7d
DB00853,D009190,let-7d
DB00755,D013274,let-7d
DB00783,D013274,let-7d
DB00907,D013274,let-7d
DB03843,D013274,let-7d
DB00544,D013274,let-7d
DB01169,D013274,let-7d
DB00169,D013274,let-7d
DB00853,D013274,let-7d
DB00755,D000544,let-7d
DB00783,D000544,let-7d
DB00907,D000544,let-7d
DB03843,D000544,let-7d
DB00544,D000544,let-7d
DB01169,D000544,let-7d
DB00169,D000544,let-7d
DB00853,D000544,let-7d
DB00755,D003924,let-7d
DB00783,D003924,let-7d
DB00907,D003924,let-7d
DB03843,D003924,let-7d
DB00544,D003924,let-7d
DB01169,D003924,let-7d
DB00169,D003924,let-7d
DB00853,D003924,let-7d
DB00169,D011236,let-7d
DB00755,D000077273,let-7d
DB00783,D000077273,let-7d
DB00907,D000077273,let-7d
DB03843,D000077273,let-7d
DB00544,D000077273,let-7d
DB01169,D000077273,let-7d
DB00853,D000077273,let-7d
DB00755,D002296,let-7d
DB00783,D002296,let-7d
DB03843,D002296,let-7d
DB00544,D002296,let-7d
DB01169,D002296,let-7d
DB00169,D002296,let-7d
DB00853,D002296,let-7d
DB00755,D002779,let-7d
DB00783,D002779,let-7d
DB00907,D002779,let-7d
DB03843,D002779,let-7d
DB00544,D002779,let-7d
DB01169,D002779,let-7d
DB00169,D002779,let-7d
DB00853,D002779,let-7d
DB00755,D003922,let-7d
DB00783,D003922,let-7d
DB00907,D003922,let-7d
DB03843,D003922,let-7d
DB00544,D003922,let-7d
DB01169,D003922,let-7d
DB00169,D003922,let-7d
DB00853,D003922,let-7d
DB00755,D008107,let-7d
DB00783,D008107,let-7d
DB00907,D008107,let-7d
DB03843,D008107,let-7d
DB00544,D008107,let-7d
DB01169,D008107,let-7d
DB00169,D008107,let-7d
DB00853,D008107,let-7d
DB00755,D008268,let-7d
DB00783,D008268,let-7d
DB00907,D008268,let-7d
DB03843,D008268,let-7d
DB00544,D008268,let-7d
DB01169,D008268,let-7d
DB00169,D008268,let-7d
DB00853,D008268,let-7d
DB00755,D011471,let-7d
DB00783,D011471,let-7d
DB00907,D011471,let-7d
DB03843,D011471,let-7d
DB00544,D011471,let-7d
DB01169,D011471,let-7d
DB00169,D011471,let-7d
DB00853,D011471,let-7d
DB00755,D012173,let-7d
DB00783,D012173,let-7d
DB00907,D012173,let-7d
DB03843,D012173,let-7d
DB01169,D012173,let-7d
DB00853,D012173,let-7d
DB00755,D002318,let-7d
DB00783,D002318,let-7d
DB00907,D002318,let-7d
DB03843,D002318,let-7d
DB00544,D002318,let-7d
DB01169,D002318,let-7d
DB00169,D002318,let-7d
DB00853,D002318,let-7d
DB00755,D002386,let-7d
DB00783,D002386,let-7d
DB00907,D002386,let-7d
DB03843,D002386,let-7d
DB00544,D002386,let-7d
DB01169,D002386,let-7d
DB00169,D002386,let-7d
DB00853,D002386,let-7d
DB00755,D001172,let-7d
DB00783,D001172,let-7d
DB00907,D001172,let-7d
DB03843,D001172,let-7d
DB00544,D001172,let-7d
DB01169,D001172,let-7d
DB00169,D001172,let-7d
DB00853,D001172,let-7d
DB00755,D000163,let-7d
DB00783,D000163,let-7d
DB00907,D000163,let-7d
DB03843,D000163,let-7d
DB00544,D000163,let-7d
DB01169,D000163,let-7d
DB00169,D000163,let-7d
DB00755,D006509,let-7d
DB00783,D006509,let-7d
DB00907,D006509,let-7d
DB03843,D006509,let-7d
DB00544,D006509,let-7d
DB01169,D006509,let-7d
DB00169,D006509,let-7d
DB00853,D006509,let-7d
DB00755,D006528,let-7d
DB00783,D006528,let-7d
DB00907,D006528,let-7d
DB03843,D006528,let-7d
DB00544,D006528,let-7d
DB01169,D006528,let-7d
DB00169,D006528,let-7d
DB00853,D006528,let-7d
DB00783,D058249,let-7d
DB03843,D058249,let-7d
DB01169,D058249,let-7d
DB00755,D009101,let-7d
DB00783,D009101,let-7d
DB00907,D009101,let-7d
DB03843,D009101,let-7d
DB00544,D009101,let-7d
DB01169,D009101,let-7d
DB00169,D009101,let-7d
DB00853,D009101,let-7d
DB00755,D010051,let-7d
DB00783,D010051,let-7d
DB00907,D010051,let-7d
DB03843,D010051,let-7d
DB00544,D010051,let-7d
DB01169,D010051,let-7d
DB00169,D010051,let-7d
DB00853,D010051,let-7d
DB00755,D020345,let-7d
DB00783,D020345,let-7d
DB00907,D020345,let-7d
DB03843,D020345,let-7d
DB00544,D020345,let-7d
DB01169,D020345,let-7d
DB00169,D020345,let-7d
DB00853,D020345,let-7d
DB00755,D014376,let-7d
DB00783,D014376,let-7d
DB03843,D014376,let-7d
DB01169,D014376,let-7d
DB00169,D014376,let-7d
DB00755,D004806,let-7d
DB00783,D004806,let-7d
DB00907,D004806,let-7d
DB01169,D004806,let-7d
DB00169,D004806,let-7d
DB00755,D018805,let-7d
DB00783,D018805,let-7d
DB00907,D018805,let-7d
DB03843,D018805,let-7d
DB00544,D018805,let-7d
DB01169,D018805,let-7d
DB00169,D018805,let-7d
DB00853,D018805,let-7d
DB00755,D005922,let-7d
DB00783,D005922,let-7d
DB00907,D005922,let-7d
DB03843,D005922,let-7d
DB00544,D005922,let-7d
DB01169,D005922,let-7d
DB00169,D005922,let-7d
DB00853,D005922,let-7d
DB00755,D002289,let-7d
DB00783,D002289,let-7d
DB00907,D002289,let-7d
DB03843,D002289,let-7d
DB00544,D002289,let-7d
DB01169,D002289,let-7d
DB00169,D002289,let-7d
DB00853,D002289,let-7d
DB00755,D012128,let-7d
DB00783,D012128,let-7d
DB00907,D012128,let-7d
DB03843,D012128,let-7d
DB00544,D012128,let-7d
DB01169,D012128,let-7d
DB00169,D012128,let-7d
DB00853,D012128,let-7d
DB00755,D001249,let-7d
DB00783,D001249,let-7d
DB00907,D001249,let-7d
DB03843,D001249,let-7d
DB00544,D001249,let-7d
DB01169,D001249,let-7d
DB00169,D001249,let-7d
DB00853,D001249,let-7d
DB00755,D008175,let-7d
DB00783,D008175,let-7d
DB00907,D008175,let-7d
DB03843,D008175,let-7d
DB00544,D008175,let-7d
DB01169,D008175,let-7d
DB00169,D008175,let-7d
DB00853,D008175,let-7d
DB00755,D005355,let-7d
DB00783,D005355,let-7d
DB00907,D005355,let-7d
DB03843,D005355,let-7d
DB00544,D005355,let-7d
DB01169,D005355,let-7d
DB00169,D005355,let-7d
DB00853,D005355,let-7d
DB00755,D001327,let-7d
DB00783,D001327,let-7d
DB00907,D001327,let-7d
DB03843,D001327,let-7d
DB00544,D001327,let-7d
DB01169,D001327,let-7d
DB00169,D001327,let-7d
DB00853,D001327,let-7d
DB00755,D055370,let-7d
DB00783,D055370,let-7d
DB00907,D055370,let-7d
DB03843,D055370,let-7d
DB00544,D055370,let-7d
DB01169,D055370,let-7d
DB00169,D055370,let-7d
DB00853,D055370,let-7d
DB00755,D000437,let-7d
DB00783,D000437,let-7d
DB00907,D000437,let-7d
DB03843,D000437,let-7d
DB00544,D000437,let-7d
DB01169,D000437,let-7d
DB00169,D000437,let-7d
DB00853,D000437,let-7d
DB00755,D005910,let-7d
DB00783,D005910,let-7d
DB00907,D005910,let-7d
DB03843,D005910,let-7d
DB00544,D005910,let-7d
DB01169,D005910,let-7d
DB00169,D005910,let-7d
DB00853,D005910,let-7d
DB00755,D005909,let-7d
DB00783,D005909,let-7d
DB00907,D005909,let-7d
DB03843,D005909,let-7d
DB00544,D005909,let-7d
DB01169,D005909,let-7d
DB00169,D005909,let-7d
DB00853,D005909,let-7d
DB00755,D000077277,let-7d
DB00783,D000077277,let-7d
DB00907,D000077277,let-7d
DB03843,D000077277,let-7d
DB00544,D000077277,let-7d
DB01169,D000077277,let-7d
DB00169,D000077277,let-7d
DB00853,D000077277,let-7d
DB00755,D011085,let-7d
DB00783,D011085,let-7d
DB00907,D011085,let-7d
DB03843,D011085,let-7d
DB00544,D011085,let-7d
DB01169,D011085,let-7d
DB00169,D011085,let-7d
DB00853,D011085,let-7d
DB00755,D012595,let-7d
DB00783,D012595,let-7d
DB00907,D012595,let-7d
DB03843,D012595,let-7d
DB00544,D012595,let-7d
DB01169,D012595,let-7d
DB00169,D012595,let-7d
DB00853,D012595,let-7d
DB00755,D058065,let-7d
DB00783,D058065,let-7d
DB00907,D058065,let-7d
DB03843,D058065,let-7d
DB00544,D058065,let-7d
DB01169,D058065,let-7d
DB00169,D058065,let-7d
DB00853,D058065,let-7d
DB00755,D008175,let-7c
DB00783,D008175,let-7c
DB03843,D008175,let-7c
DB00331,D008175,let-7c
DB00755,D008171,let-7c
DB00783,D008171,let-7c
DB03843,D008171,let-7c
DB00331,D008171,let-7c
DB00755,D004314,let-7c
DB00783,D004314,let-7c
DB03843,D004314,let-7c
DB00331,D004314,let-7c
DB00755,D020961,let-7c
DB00783,D020961,let-7c
DB03843,D020961,let-7c
DB00331,D020961,let-7c
DB00755,D001943,let-7c
DB00783,D001943,let-7c
DB03843,D001943,let-7c
DB00331,D001943,let-7c
DB00755,D008545,let-7c
DB00783,D008545,let-7c
DB03843,D008545,let-7c
DB00331,D008545,let-7c
DB00755,D011832,let-7c
DB00783,D011832,let-7c
DB03843,D011832,let-7c
DB00331,D011832,let-7c
DB00755,D001172,let-7c
DB00783,D001172,let-7c
DB03843,D001172,let-7c
DB00331,D001172,let-7c
DB00755,D010003,let-7c
DB00783,D010003,let-7c
DB03843,D010003,let-7c
DB00331,D010003,let-7c
DB00755,D000077216,let-7c
DB00783,D000077216,let-7c
DB03843,D000077216,let-7c
DB00331,D000077216,let-7c
DB00755,D000077195,let-7c
DB00783,D000077195,let-7c
DB03843,D000077195,let-7c
DB00331,D000077195,let-7c
DB00755,D050197,let-7c
DB00783,D050197,let-7c
DB03843,D050197,let-7c
DB00331,D050197,let-7c
DB00755,D008269,let-7c
DB00783,D008269,let-7c
DB03843,D008269,let-7c
DB00331,D008269,let-7c
DB00755,D009101,let-7c
DB00783,D009101,let-7c
DB03843,D009101,let-7c
DB00331,D009101,let-7c
DB00755,D003928,let-7c
DB00783,D003928,let-7c
DB03843,D003928,let-7c
DB00331,D003928,let-7c
DB00755,D016403,let-7c
DB00783,D016403,let-7c
DB03843,D016403,let-7c
DB00331,D016403,let-7c
DB00755,D001661,let-7c
DB00783,D001661,let-7c
DB03843,D001661,let-7c
DB00755,D002545,let-7c
DB00783,D002545,let-7c
DB03843,D002545,let-7c
DB00331,D002545,let-7c
DB00755,D002972,let-7c
DB00783,D002972,let-7c
DB03843,D002972,let-7c
DB00331,D002972,let-7c
DB00755,D002583,let-7c
DB00783,D002583,let-7c
DB03843,D002583,let-7c
DB00331,D002583,let-7c
DB00755,D002289,let-7c
DB00783,D002289,let-7c
DB03843,D002289,let-7c
DB00331,D002289,let-7c
DB00755,D054990,let-7c
DB00783,D054990,let-7c
DB03843,D054990,let-7c
DB00331,D054990,let-7c
DB00755,D016889,let-7c
DB00783,D016889,let-7c
DB03843,D016889,let-7c
DB00331,D016889,let-7c
DB00755,D009157,let-7c
DB00783,D009157,let-7c
DB03843,D009157,let-7c
DB00331,D009157,let-7c
DB00755,D000026,let-7c
DB00783,D000026,let-7c
DB03843,D000026,let-7c
DB00331,D000026,let-7c
DB00755,D064129,let-7c
DB00783,D064129,let-7c
DB03843,D064129,let-7c
DB00755,D015179,let-7c
DB00783,D015179,let-7c
DB03843,D015179,let-7c
DB00331,D015179,let-7c
DB00755,D006973,let-7c
DB00783,D006973,let-7c
DB03843,D006973,let-7c
DB00331,D006973,let-7c
DB00755,D058226,let-7c
DB00783,D058226,let-7c
DB03843,D058226,let-7c
DB00331,D058226,let-7c
DB00755,D006528,let-7c
DB00783,D006528,let-7c
DB03843,D006528,let-7c
DB00331,D006528,let-7c
DB00755,D000077192,let-7c
DB00783,D000077192,let-7c
DB03843,D000077192,let-7c
DB00331,D000077192,let-7c
DB00755,D015212,let-7c
DB00783,D015212,let-7c
DB03843,D015212,let-7c
DB00331,D015212,let-7c
DB00755,D001749,let-7c
DB00783,D001749,let-7c
DB03843,D001749,let-7c
DB00331,D001749,let-7c
DB00783,D010505,let-7c
DB00755,D001249,let-7c
DB00783,D001249,let-7c
DB03843,D001249,let-7c
DB00331,D001249,let-7c
DB00755,D013981,let-7c
DB00783,D013981,let-7c
DB00755,D013274,let-7c
DB00783,D013274,let-7c
DB03843,D013274,let-7c
DB00331,D013274,let-7c
DB00755,D020388,let-7c
DB00783,D020388,let-7c
DB03843,D020388,let-7c
DB00331,D020388,let-7c
DB00755,D011471,let-7c
DB00783,D011471,let-7c
DB03843,D011471,let-7c
DB00331,D011471,let-7c
DB00755,D015428,let-7c
DB00783,D015428,let-7c
DB03843,D015428,let-7c
DB00331,D015428,let-7c
DB00755,D008659,let-7c
DB00783,D008659,let-7c
DB00331,D008659,let-7c
DB00755,D017379,let-7c
DB00783,D017379,let-7c
DB03843,D017379,let-7c
DB00331,D017379,let-7c
DB00755,D007246,let-7c
DB00783,D007246,let-7c
DB03843,D007246,let-7c
DB00755,D029424,let-7c
DB00783,D029424,let-7c
DB03843,D029424,let-7c
DB00331,D029424,let-7c
DB00755,D010190,let-7c
DB00783,D010190,let-7c
DB03843,D010190,let-7c
DB00331,D010190,let-7c
DB00755,D009062,let-7c
DB00783,D009062,let-7c
DB03843,D009062,let-7c
DB00331,D009062,let-7c
DB00755,D002386,let-7c
DB00783,D002386,let-7c
DB03843,D002386,let-7c
DB00331,D002386,let-7c
DB03843,D011671,let-7c
DB00755,C535608,let-7c
DB00783,C535608,let-7c
DB03843,C535608,let-7c
DB00755,D014029,let-7c
DB00783,D014029,let-7c
DB03843,D014029,let-7c
DB00331,D014029,let-7c
DB00755,D005910,let-7c
DB00783,D005910,let-7c
DB03843,D005910,let-7c
DB00331,D005910,let-7c
DB00755,D015433,let-7c
DB00783,D015433,let-7c
DB03843,D015433,let-7c
DB00331,D015433,let-7c
DB00755,D002292,let-7c
DB00783,D002292,let-7c
DB03843,D002292,let-7c
DB00331,D002292,let-7c
DB00755,D002295,let-7c
DB00783,D002295,let-7c
DB03843,D002295,let-7c
DB00331,D002295,let-7c
DB00755,D011225,let-7c
DB00783,D011225,let-7c
DB03843,D011225,let-7c
DB00331,D011225,let-7c
DB00755,D007938,let-7c
DB00783,D007938,let-7c
DB03843,D007938,let-7c
DB00331,D007938,let-7c
DB00467,D007674,let-7b
DB00783,D007674,let-7b
DB00773,D007674,let-7b
DB03843,D007674,let-7b
DB00331,D007674,let-7b
DB00783,D007249,let-7b
DB00773,D007249,let-7b
DB03843,D007249,let-7b
DB00331,D007249,let-7b
DB00467,D002289,let-7b
DB00783,D002289,let-7b
DB00773,D002289,let-7b
DB03843,D002289,let-7b
DB00331,D002289,let-7b
DB00783,D000083242,let-7b
DB00773,D000083242,let-7b
DB03843,D000083242,let-7b
DB00331,D000083242,let-7b
DB00783,D008171,let-7b
DB00773,D008171,let-7b
DB03843,D008171,let-7b
DB00331,D008171,let-7b
DB00783,D001327,let-7b
DB00773,D001327,let-7b
DB03843,D001327,let-7b
DB00331,D001327,let-7b
DB00783,D005757,let-7b
DB00773,D005757,let-7b
DB03843,D005757,let-7b
DB00331,D005757,let-7b
DB00783,D008228,let-7b
DB00773,D008228,let-7b
DB03843,D008228,let-7b
DB00331,D008228,let-7b
DB00783,D000236,let-7b
DB00773,D000236,let-7b
DB03843,D000236,let-7b
DB00331,D000236,let-7b
DB00783,C537017,let-7b
DB00773,C537017,let-7b
DB00783,D060825,let-7b
DB00773,D060825,let-7b
DB03843,D060825,let-7b
DB00331,D060825,let-7b
DB00467,D006528,let-7b
DB00783,D006528,let-7b
DB00773,D006528,let-7b
DB03843,D006528,let-7b
DB00331,D006528,let-7b
DB00467,D001281,let-7b
DB00783,D001281,let-7b
DB00773,D001281,let-7b
DB03843,D001281,let-7b
DB00331,D001281,let-7b
DB00467,D003110,let-7b
DB00783,D003110,let-7b
DB00773,D003110,let-7b
DB03843,D003110,let-7b
DB00331,D003110,let-7b
DB00467,D008175,let-7b
DB00783,D008175,let-7b
DB00773,D008175,let-7b
DB03843,D008175,let-7b
DB00331,D008175,let-7b
DB00783,D008545,let-7b
DB00773,D008545,let-7b
DB03843,D008545,let-7b
DB00331,D008545,let-7b
DB00783,C536494,let-7b
DB03843,C536494,let-7b
DB00783,D018805,let-7b
DB00773,D018805,let-7b
DB03843,D018805,let-7b
DB00331,D018805,let-7b
DB00783,D014397,let-7b
DB03843,D014397,let-7b
DB00331,D014397,let-7b
DB00783,D009103,let-7b
DB00773,D009103,let-7b
DB03843,D009103,let-7b
DB00331,D009103,let-7b
DB00467,D001749,let-7b
DB00783,D001749,let-7b
DB00773,D001749,let-7b
DB03843,D001749,let-7b
DB00331,D001749,let-7b
DB00783,D011832,let-7b
DB00773,D011832,let-7b
DB03843,D011832,let-7b
DB00331,D011832,let-7b
DB00783,D003865,let-7b
DB00773,D003865,let-7b
DB03843,D003865,let-7b
DB00331,D003865,let-7b
DB00783,D003424,let-7b
DB00773,D003424,let-7b
DB03843,D003424,let-7b
DB00331,D003424,let-7b
DB00783,D000077216,let-7b
DB00773,D000077216,let-7b
DB03843,D000077216,let-7b
DB00331,D000077216,let-7b
DB00783,D013921,let-7b
DB00773,D013921,let-7b
DB03843,D013921,let-7b
DB00331,D013921,let-7b
DB00783,D002561,let-7b
DB00773,D002561,let-7b
DB03843,D002561,let-7b
DB00331,D002561,let-7b
DB00467,D003924,let-7b
DB00783,D003924,let-7b
DB00773,D003924,let-7b
DB03843,D003924,let-7b
DB00331,D003924,let-7b
DB00467,D013274,let-7b
DB00783,D013274,let-7b
DB00773,D013274,let-7b
DB03843,D013274,let-7b
DB00331,D013274,let-7b
DB00783,D011655,let-7b
DB00773,D011655,let-7b
DB03843,D011655,let-7b
DB00331,D011655,let-7b
DB00783,D012173,let-7b
DB03843,D012173,let-7b
DB00783,D009442,let-7b
DB00773,D009442,let-7b
DB03843,D009442,let-7b
DB00783,D009456,let-7b
DB00783,D015535,let-7b
DB00773,D015535,let-7b
DB03843,D015535,let-7b
DB00331,D015535,let-7b
DB00783,D000077274,let-7b
DB00773,D000077274,let-7b
DB03843,D000077274,let-7b
DB00331,D000077274,let-7b
DB00783,D053201,let-7b
DB00773,D053201,let-7b
DB03843,D053201,let-7b
DB00331,D053201,let-7b
DB00467,D015464,let-7b
DB00783,D015464,let-7b
DB00773,D015464,let-7b
DB03843,D015464,let-7b
DB00331,D015464,let-7b
DB00467,D058186,let-7b
DB00783,D058186,let-7b
DB00773,D058186,let-7b
DB03843,D058186,let-7b
DB00331,D058186,let-7b
DB00783,D007938,let-7b
DB00773,D007938,let-7b
DB03843,D007938,let-7b
DB00331,D007938,let-7b
DB00783,D012859,let-7b
DB03843,D012859,let-7b
DB00331,D012859,let-7b
DB00467,D001943,let-7b
DB00783,D001943,let-7b
DB00773,D001943,let-7b
DB03843,D001943,let-7b
DB00331,D001943,let-7b
DB00783,D003928,let-7b
DB00773,D003928,let-7b
DB03843,D003928,let-7b
DB00331,D003928,let-7b
DB00783,D009101,let-7b
DB00773,D009101,let-7b
DB03843,D009101,let-7b
DB00331,D009101,let-7b
DB00783,D003920,let-7b
DB00773,D003920,let-7b
DB03843,D003920,let-7b
DB00331,D003920,let-7b
DB00783,D001289,let-7b
DB03843,D001289,let-7b
DB00783,D010051,let-7b
DB00773,D010051,let-7b
DB03843,D010051,let-7b
DB00331,D010051,let-7b
DB00783,D003324,let-7b
DB00773,D003324,let-7b
DB03843,D003324,let-7b
DB00331,D003324,let-7b
DB00783,D000086382,let-7b
DB00773,D000086382,let-7b
DB03843,D000086382,let-7b
DB00331,D000086382,let-7b
DB00783,D004715,let-7b
DB00773,D004715,let-7b
DB03843,D004715,let-7b
DB00331,D004715,let-7b
DB00783,D006526,let-7b
DB00773,D006526,let-7b
DB03843,D006526,let-7b
DB00331,D006526,let-7b
DB00783,D000077192,let-7b
DB00773,D000077192,let-7b
DB03843,D000077192,let-7b
DB00331,D000077192,let-7b
DB00467,D005910,let-7b
DB00783,D005910,let-7b
DB00773,D005910,let-7b
DB03843,D005910,let-7b
DB00331,D005910,let-7b
DB00783,D002583,let-7b
DB00773,D002583,let-7b
DB03843,D002583,let-7b
DB00331,D002583,let-7b
DB00783,D009203,let-7b
DB00773,D009203,let-7b
DB03843,D009203,let-7b
DB00331,D009203,let-7b
DB00467,D054198,let-7b
DB00783,D054198,let-7b
DB00773,D054198,let-7b
DB03843,D054198,let-7b
DB00331,D054198,let-7b
DB00783,D013981,let-7b
DB00783,D005922,let-7b
DB00773,D005922,let-7b
DB03843,D005922,let-7b
DB00331,D005922,let-7b
DB00783,D003327,let-7b
DB00773,D003327,let-7b
DB03843,D003327,let-7b
DB00331,D003327,let-7b
DB00783,D004833,let-7b
DB00773,D004833,let-7b
DB03843,D004833,let-7b
DB00331,D004833,let-7b
DB00467,D004827,let-7b
DB00783,D004827,let-7b
DB00773,D004827,let-7b
DB03843,D004827,let-7b
DB00331,D004827,let-7b
DB00783,D010024,let-7b
DB00773,D010024,let-7b
DB03843,D010024,let-7b
DB00331,D010024,let-7b
DB00783,D050197,let-7b
DB00773,D050197,let-7b
DB03843,D050197,let-7b
DB00331,D050197,let-7b
DB00783,D005317,let-7b
DB00773,D005317,let-7b
DB03843,D005317,let-7b
DB00331,D005317,let-7b
DB00783,D006976,let-7b
DB00773,D006976,let-7b
DB03843,D006976,let-7b
DB00331,D006976,let-7b
DB00783,D000081029,let-7b
DB00331,D000081029,let-7b
DB00783,D007246,let-7b
DB03843,D007246,let-7b
DB00783,D006561,let-7b
DB00773,D006561,let-7b
DB00467,D015179,let-7b
DB00783,D015179,let-7b
DB00773,D015179,let-7b
DB03843,D015179,let-7b
DB00331,D015179,let-7b
DB00783,D016543,let-7b
DB00773,D016543,let-7b
DB03843,D016543,let-7b
DB00331,D016543,let-7b
DB00783,D015470,let-7b
DB00773,D015470,let-7b
DB03843,D015470,let-7b
DB00331,D015470,let-7b
DB00783,D005355,let-7b
DB00773,D005355,let-7b
DB03843,D005355,let-7b
DB00331,D005355,let-7b
DB00467,D006689,let-7b
DB00783,D006689,let-7b
DB00773,D006689,let-7b
DB03843,D006689,let-7b
DB00331,D006689,let-7b
DB00783,D008527,let-7b
DB00773,D008527,let-7b
DB03843,D008527,let-7b
DB00331,D008527,let-7b
DB03843,D059226,let-7b
DB00467,D002294,let-7b
DB00783,D002294,let-7b
DB00773,D002294,let-7b
DB03843,D002294,let-7b
DB00331,D002294,let-7b
DB00783,D052016,let-7b
DB00773,D052016,let-7b
DB03843,D052016,let-7b
DB00331,D052016,let-7b
DB00783,D055959,let-7b
DB00773,D055959,let-7b
DB03843,D055959,let-7b
DB00331,D055959,let-7b
DB00783,D009765,let-7b
DB00773,D009765,let-7b
DB03843,D009765,let-7b
DB00331,D009765,let-7b
DB00467,D065626,let-7b
DB00783,D065626,let-7b
DB00773,D065626,let-7b
DB03843,D065626,let-7b
DB00331,D065626,let-7b
DB00467,D011471,let-7b
DB00783,D011471,let-7b
DB00773,D011471,let-7b
DB03843,D011471,let-7b
DB00331,D011471,let-7b
DB00783,D001172,let-7b
DB00773,D001172,let-7b
DB03843,D001172,let-7b
DB00331,D001172,let-7b
DB00783,D009447,let-7b
DB00773,D009447,let-7b
DB03843,D009447,let-7b
DB00331,D009447,let-7b
DB00783,D012164,let-7b
DB00773,D012164,let-7b
DB03843,D012164,let-7b
DB00331,D012164,let-7b
DB00783,D000544,let-7g
DB00773,D000544,let-7g
DB03843,D000544,let-7g
DB00544,D000544,let-7g
DB01169,D000544,let-7g
DB01262,D000544,let-7g
DB00783,D008113,let-7g
DB00773,D008113,let-7g
DB03843,D008113,let-7g
DB00544,D008113,let-7g
DB01169,D008113,let-7g
DB01262,D008113,let-7g
DB00783,D006223,let-7g
DB00773,D006223,let-7g
DB03843,D006223,let-7g
DB00544,D006223,let-7g
DB01169,D006223,let-7g
DB01262,D006223,let-7g
DB00783,D016393,let-7g
DB00773,D016393,let-7g
DB03843,D016393,let-7g
DB00544,D016393,let-7g
DB01169,D016393,let-7g
DB01262,D016393,let-7g
DB00783,C535531,let-7g
DB00773,C535531,let-7g
DB01262,C535531,let-7g
DB00783,D013964,let-7g
DB00773,D013964,let-7g
DB03843,D013964,let-7g
DB00544,D013964,let-7g
DB01169,D013964,let-7g
DB01262,D013964,let-7g
DB00783,D063647,let-7g
DB00773,D063647,let-7g
DB03843,D063647,let-7g
DB00544,D063647,let-7g
DB01169,D063647,let-7g
DB00783,D002446,let-7g
DB00773,D002446,let-7g
DB03843,D002446,let-7g
DB00544,D002446,let-7g
DB01169,D002446,let-7g
DB01262,D002446,let-7g
DB00544,C562602,let-7g
DB00783,D014277,let-7g
DB00773,D014277,let-7g
DB03843,D014277,let-7g
DB00544,D014277,let-7g
DB01169,D014277,let-7g
DB01262,D014277,let-7g
DB00783,D001749,let-7g
DB00773,D001749,let-7g
DB03843,D001749,let-7g
DB00544,D001749,let-7g
DB01169,D001749,let-7g
DB01262,D001749,let-7g
DB00783,D050197,let-7g
DB00773,D050197,let-7g
DB03843,D050197,let-7g
DB00544,D050197,let-7g
DB01169,D050197,let-7g
DB01262,D050197,let-7g
DB00783,D010024,let-7g
DB00773,D010024,let-7g
DB03843,D010024,let-7g
DB00544,D010024,let-7g
DB01169,D010024,let-7g
DB01262,D010024,let-7g
DB00783,D008175,let-7g
DB00773,D008175,let-7g
DB03843,D008175,let-7g
DB00544,D008175,let-7g
DB01169,D008175,let-7g
DB01262,D008175,let-7g
DB00783,D002292,let-7g
DB00773,D002292,let-7g
DB03843,D002292,let-7g
DB00544,D002292,let-7g
DB01169,D002292,let-7g
DB01262,D002292,let-7g
DB00783,D015179,let-7g
DB00773,D015179,let-7g
DB03843,D015179,let-7g
DB00544,D015179,let-7g
DB01169,D015179,let-7g
DB01262,D015179,let-7g
DB00783,D005909,let-7g
DB00773,D005909,let-7g
DB03843,D005909,let-7g
DB00544,D005909,let-7g
DB01169,D005909,let-7g
DB01262,D005909,let-7g
DB00783,D002280,let-7g
DB00773,D002280,let-7g
DB03843,D002280,let-7g
DB00544,D002280,let-7g
DB01169,D002280,let-7g
DB01262,D002280,let-7g
DB00783,D006528,let-7g
DB00773,D006528,let-7g
DB03843,D006528,let-7g
DB00544,D006528,let-7g
DB01169,D006528,let-7g
DB01262,D006528,let-7g
DB00783,D011225,let-7g
DB00773,D011225,let-7g
DB03843,D011225,let-7g
DB00544,D011225,let-7g
DB01169,D011225,let-7g
DB01262,D011225,let-7g
DB00783,D017545,let-7g
DB03843,D017545,let-7g
DB00544,D017545,let-7g
DB01169,D017545,let-7g
DB01262,D017545,let-7g
DB00783,D000077216,let-7g
DB00773,D000077216,let-7g
DB03843,D000077216,let-7g
DB00544,D000077216,let-7g
DB01169,D000077216,let-7g
DB01262,D000077216,let-7g
DB00783,D007822,let-7g
DB00544,D007822,let-7g
DB01169,D007822,let-7g
DB00783,D000083242,let-7g
DB00773,D000083242,let-7g
DB03843,D000083242,let-7g
DB00544,D000083242,let-7g
DB01169,D000083242,let-7g
DB01262,D000083242,let-7g
DB00783,D010534,let-7g
DB00773,D010534,let-7g
DB03843,D010534,let-7g
DB00544,D010534,let-7g
DB01169,D010534,let-7g
DB01262,D010534,let-7g
DB00783,D013274,let-7g
DB00773,D013274,let-7g
DB03843,D013274,let-7g
DB00544,D013274,let-7g
DB01169,D013274,let-7g
DB01262,D013274,let-7g
DB00783,D015427,let-7g
DB00773,D015427,let-7g
DB03843,D015427,let-7g
DB00544,D015427,let-7g
DB01169,D015427,let-7g
DB01262,D015427,let-7g
DB00783,D005317,let-7g
DB00773,D005317,let-7g
DB03843,D005317,let-7g
DB00544,D005317,let-7g
DB01169,D005317,let-7g
DB01262,D005317,let-7g
DB00783,D014605,let-7g
DB00773,D014605,let-7g
DB03843,D014605,let-7g
DB00544,D014605,let-7g
DB01169,D014605,let-7g
DB01262,D014605,let-7g
DB00783,D018281,let-7g
DB00773,D018281,let-7g
DB03843,D018281,let-7g
DB00544,D018281,let-7g
DB01169,D018281,let-7g
DB01262,D018281,let-7g
DB00783,D017086,let-7g
DB00773,D017086,let-7g
DB03843,D017086,let-7g
DB00544,D017086,let-7g
DB01169,D017086,let-7g
DB01262,D017086,let-7g
DB00783,D002386,let-7g
DB00773,D002386,let-7g
DB03843,D002386,let-7g
DB00544,D002386,let-7g
DB01169,D002386,let-7g
DB01262,D002386,let-7g
DB00783,D003072,let-7g
DB00773,D003072,let-7g
DB03843,D003072,let-7g
DB00544,D003072,let-7g
DB01169,D003072,let-7g
DB01262,D003072,let-7g
DB00783,D014929,let-7g
DB00783,D018269,let-7g
DB00783,D010505,let-7g
DB00783,D006973,let-7g
DB00773,D006973,let-7g
DB03843,D006973,let-7g
DB00544,D006973,let-7g
DB01169,D006973,let-7g
DB01262,D006973,let-7g
DB00783,D012164,let-7g
DB00773,D012164,let-7g
DB03843,D012164,let-7g
DB00544,D012164,let-7g
DB01169,D012164,let-7g
DB01262,D012164,let-7g
DB00783,D005706,let-7g
DB00773,D005706,let-7g
DB03843,D005706,let-7g
DB00544,D005706,let-7g
DB01169,D005706,let-7g
DB01262,D005706,let-7g
DB00783,D016403,let-7g
DB00773,D016403,let-7g
DB03843,D016403,let-7g
DB00544,D016403,let-7g
DB01169,D016403,let-7g
DB01262,D016403,let-7g
DB00783,D007246,let-7g
DB03843,D007246,let-7g
DB01169,D007246,let-7g
DB01262,D007246,let-7g
DB00783,D002658,let-7g
DB00773,D002658,let-7g
DB03843,D002658,let-7g
DB00544,D002658,let-7g
DB01169,D002658,let-7g
DB01262,D002658,let-7g
DB00783,D006323,let-7g
DB00773,D006323,let-7g
DB03843,D006323,let-7g
DB00544,D006323,let-7g
DB01169,D006323,let-7g
DB01262,D006323,let-7g
DB00783,D000077274,let-7g
DB00773,D000077274,let-7g
DB03843,D000077274,let-7g
DB00544,D000077274,let-7g
DB01169,D000077274,let-7g
DB01262,D000077274,let-7g
DB00783,D012516,let-7g
DB00773,D012516,let-7g
DB03843,D012516,let-7g
DB00544,D012516,let-7g
DB01169,D012516,let-7g
DB01262,D012516,let-7g
DB00783,D008223,let-7g
DB00773,D008223,let-7g
DB03843,D008223,let-7g
DB00544,D008223,let-7g
DB01169,D008223,let-7g
DB01262,D008223,let-7g
DB00783,D015459,let-7g
DB00773,D015459,let-7g
DB03843,D015459,let-7g
DB00544,D015459,let-7g
DB01169,D015459,let-7g
DB01262,D015459,let-7g
DB00783,D003110,let-7g
DB00773,D003110,let-7g
DB03843,D003110,let-7g
DB00544,D003110,let-7g
DB01169,D003110,let-7g
DB01262,D003110,let-7g
DB00467,D000860,let-7i
DB00783,D000860,let-7i
DB00773,D000860,let-7i
DB03843,D000860,let-7i
DB01262,D000860,let-7i
DB00783,D002278,let-7i
DB00773,D002278,let-7i
DB03843,D002278,let-7i
DB01262,D002278,let-7i
DB00783,D011085,let-7i
DB00773,D011085,let-7i
DB03843,D011085,let-7i
DB01262,D011085,let-7i
DB00783,D009203,let-7i
DB00773,D009203,let-7i
DB03843,D009203,let-7i
DB01262,D009203,let-7i
DB00783,D016393,let-7i
DB00773,D016393,let-7i
DB03843,D016393,let-7i
DB01262,D016393,let-7i
DB00783,D007511,let-7i
DB00773,D007511,let-7i
DB03843,D007511,let-7i
DB01262,D007511,let-7i
DB00783,D013272,let-7i
DB03843,D013272,let-7i
DB01262,D013272,let-7i
DB00783,D056770,let-7i
DB00783,D008288,let-7i
DB00773,D008288,let-7i
DB03843,D008288,let-7i
DB01262,D008288,let-7i
DB00783,D014890,let-7i
DB00773,D014890,let-7i
DB00783,D000544,let-7i
DB00773,D000544,let-7i
DB03843,D000544,let-7i
DB01262,D000544,let-7i
DB00783,D003876,let-7i
DB00773,D003876,let-7i
DB03843,D003876,let-7i
DB01262,D003876,let-7i
DB00783,D016889,let-7i
DB00773,D016889,let-7i
DB03843,D016889,let-7i
DB01262,D016889,let-7i
DB00783,D000077192,let-7i
DB00773,D000077192,let-7i
DB03843,D000077192,let-7i
DB01262,D000077192,let-7i
DB00467,D008175,let-7i
DB00783,D008175,let-7i
DB00773,D008175,let-7i
DB03843,D008175,let-7i
DB01262,D008175,let-7i
DB00467,D001943,let-7i
DB00783,D001943,let-7i
DB00773,D001943,let-7i
DB03843,D001943,let-7i
DB01262,D001943,let-7i
DB00467,D001249,let-7i
DB00783,D001249,let-7i
DB00773,D001249,let-7i
DB03843,D001249,let-7i
DB01262,D001249,let-7i
DB00783,D000083242,let-7i
DB00773,D000083242,let-7i
DB03843,D000083242,let-7i
DB01262,D000083242,let-7i
DB00467,D006528,let-7i
DB00783,D006528,let-7i
DB00773,D006528,let-7i
DB03843,D006528,let-7i
DB01262,D006528,let-7i
DB00783,D004715,let-7i
DB00773,D004715,let-7i
DB03843,D004715,let-7i
DB01262,D004715,let-7i
DB00783,D002280,let-7i
DB00773,D002280,let-7i
DB03843,D002280,let-7i
DB01262,D002280,let-7i
DB00467,D015179,let-7i
DB00783,D015179,let-7i
DB00773,D015179,let-7i
DB03843,D015179,let-7i
DB01262,D015179,let-7i
DB00783,D002583,let-7i
DB00773,D002583,let-7i
DB03843,D002583,let-7i
DB01262,D002583,let-7i
DB00783,D006526,let-7i
DB00773,D006526,let-7i
DB03843,D006526,let-7i
DB01262,D006526,let-7i
DB00783,D007822,let-7i
DB00467,D002292,let-7i
DB00783,D002292,let-7i
DB00773,D002292,let-7i
DB03843,D002292,let-7i
DB01262,D002292,let-7i
DB00467,D003924,let-7i
DB00783,D003924,let-7i
DB00773,D003924,let-7i
DB03843,D003924,let-7i
DB01262,D003924,let-7i
DB00783,D006332,let-7i
DB00773,D006332,let-7i
DB03843,D006332,let-7i
DB01262,D006332,let-7i
DB00783,D065627,let-7i
DB00773,D065627,let-7i
DB03843,D065627,let-7i
DB01262,D065627,let-7i
DB00783,D014376,let-7i
DB03843,D014376,let-7i
DB00783,D010001,let-7i
DB03843,D010001,let-7i
DB01262,D010001,let-7i
DB00783,D003928,let-7i
DB00773,D003928,let-7i
DB03843,D003928,let-7i
DB01262,D003928,let-7i
DB00783,D007248,let-7i
DB00773,D007248,let-7i
DB03843,D007248,let-7i
DB01262,D007248,let-7i
DB00783,D003323,let-7i
DB00773,D003323,let-7i
DB03843,D003323,let-7i
DB01262,D003323,let-7i
DB00783,D009080,let-7i
DB03843,D009080,let-7i
DB01262,D009080,let-7i
DB00783,D058065,let-7i
DB00773,D058065,let-7i
DB03843,D058065,let-7i
DB01262,D058065,let-7i
DB00783,D003324,let-7i
DB00773,D003324,let-7i
DB03843,D003324,let-7i
DB01262,D003324,let-7i
DB00783,D057765,let-7i
DB03843,D057765,let-7i
DB00783,D000755,let-7i
DB00773,D000755,let-7i
DB03843,D000755,let-7i
DB01262,D000755,let-7i
DB00783,D010051,let-7i
DB00773,D010051,let-7i
DB03843,D010051,let-7i
DB01262,D010051,let-7i
DB00783,D007246,let-7i
DB03843,D007246,let-7i
DB01262,D007246,let-7i
DB00467,D058186,let-7i
DB00783,D058186,let-7i
DB00773,D058186,let-7i
DB03843,D058186,let-7i
DB01262,D058186,let-7i
DB00467,D002289,let-7i
DB00783,D002289,let-7i
DB00773,D002289,let-7i
DB03843,D002289,let-7i
DB01262,D002289,let-7i
DB00467,D054058,let-7i
DB00783,D054058,let-7i
DB00773,D054058,let-7i
DB03843,D054058,let-7i
DB01262,D054058,let-7i
DB00783,D008545,let-7i
DB00773,D008545,let-7i
DB03843,D008545,let-7i
DB01262,D008545,let-7i
DB00467,D001749,let-7i
DB00783,D001749,let-7i
DB00773,D001749,let-7i
DB03843,D001749,let-7i
DB01262,D001749,let-7i
DB00783,D005909,let-7i
DB00773,D005909,let-7i
DB03843,D005909,let-7i
DB01262,D005909,let-7i
DB00783,D004938,let-7i
DB00773,D004938,let-7i
DB03843,D004938,let-7i
DB01262,D004938,let-7i
DB04224,D003110,let-7f
DB00783,D003110,let-7f
DB03843,D003110,let-7f
DB00544,D003110,let-7f
DB01169,D003110,let-7f
DB01262,D003110,let-7f
DB01006,D003110,let-7f
DB00169,D003110,let-7f
DB04224,D010024,let-7f
DB00783,D010024,let-7f
DB03843,D010024,let-7f
DB00544,D010024,let-7f
DB01169,D010024,let-7f
DB01262,D010024,let-7f
DB01006,D010024,let-7f
DB00169,D010024,let-7f
DB04224,D006528,let-7f
DB00783,D006528,let-7f
DB03843,D006528,let-7f
DB00544,D006528,let-7f
DB01169,D006528,let-7f
DB01262,D006528,let-7f
DB01006,D006528,let-7f
DB00169,D006528,let-7f
DB04224,D001022,let-7f
DB00783,D001022,let-7f
DB03843,D001022,let-7f
DB00544,D001022,let-7f
DB01169,D001022,let-7f
DB01262,D001022,let-7f
DB01006,D001022,let-7f
DB00169,D001022,let-7f
DB04224,D009203,let-7f
DB00783,D009203,let-7f
DB03843,D009203,let-7f
DB00544,D009203,let-7f
DB01169,D009203,let-7f
DB01262,D009203,let-7f
DB01006,D009203,let-7f
DB00169,D009203,let-7f
DB04224,D004719,let-7f
DB00783,D004719,let-7f
DB03843,D004719,let-7f
DB00544,D004719,let-7f
DB01169,D004719,let-7f
DB01262,D004719,let-7f
DB01006,D004719,let-7f
DB00169,D004719,let-7f
DB04224,D011014,let-7f
DB00783,D011014,let-7f
DB03843,D011014,let-7f
DB00544,D011014,let-7f
DB01169,D011014,let-7f
DB01262,D011014,let-7f
DB01006,D011014,let-7f
DB00169,D011014,let-7f
DB04224,D050171,let-7f
DB00783,D050171,let-7f
DB03843,D050171,let-7f
DB00544,D050171,let-7f
DB01169,D050171,let-7f
DB01262,D050171,let-7f
DB01006,D050171,let-7f
DB00169,D050171,let-7f
DB00783,D000072716,let-7f
DB00783,D056770,let-7f
DB01262,C536629,let-7f
DB00783,D018979,let-7f
DB03843,D018979,let-7f
DB00544,D018979,let-7f
DB01169,D018979,let-7f
DB04224,D001249,let-7f
DB00783,D001249,let-7f
DB03843,D001249,let-7f
DB00544,D001249,let-7f
DB01169,D001249,let-7f
DB01262,D001249,let-7f
DB01006,D001249,let-7f
DB00169,D001249,let-7f
DB04224,D000690,let-7f
DB00783,D000690,let-7f
DB03843,D000690,let-7f
DB00544,D000690,let-7f
DB01169,D000690,let-7f
DB01262,D000690,let-7f
DB01006,D000690,let-7f
DB00169,D000690,let-7f
DB00783,D055113,let-7f
DB03843,D055113,let-7f
DB00544,D055113,let-7f
DB01169,D055113,let-7f
DB01262,D055113,let-7f
DB00169,D055113,let-7f
DB04224,D000077216,let-7f
DB00783,D000077216,let-7f
DB03843,D000077216,let-7f
DB00544,D000077216,let-7f
DB01169,D000077216,let-7f
DB01262,D000077216,let-7f
DB01006,D000077216,let-7f
DB00169,D000077216,let-7f
DB04224,D003324,let-7f
DB00783,D003324,let-7f
DB03843,D003324,let-7f
DB00544,D003324,let-7f
DB01169,D003324,let-7f
DB01262,D003324,let-7f
DB01006,D003324,let-7f
DB00169,D003324,let-7f
DB04224,D002561,let-7f
DB00783,D002561,let-7f
DB03843,D002561,let-7f
DB00544,D002561,let-7f
DB01169,D002561,let-7f
DB01262,D002561,let-7f
DB00169,D002561,let-7f
DB04224,D008659,let-7f
DB00783,D008659,let-7f
DB00544,D008659,let-7f
DB01169,D008659,let-7f
DB01262,D008659,let-7f
DB01006,D008659,let-7f
DB00169,D008659,let-7f
DB04224,D003924,let-7f
DB00783,D003924,let-7f
DB03843,D003924,let-7f
DB00544,D003924,let-7f
DB01169,D003924,let-7f
DB01262,D003924,let-7f
DB01006,D003924,let-7f
DB00169,D003924,let-7f
DB04224,D008103,let-7f
DB00783,D008103,let-7f
DB03843,D008103,let-7f
DB00544,D008103,let-7f
DB01169,D008103,let-7f
DB01262,D008103,let-7f
DB01006,D008103,let-7f
DB00169,D008103,let-7f
DB04224,D009103,let-7f
DB00783,D009103,let-7f
DB03843,D009103,let-7f
DB00544,D009103,let-7f
DB01169,D009103,let-7f
DB01262,D009103,let-7f
DB01006,D009103,let-7f
DB00169,D009103,let-7f
DB04224,D012164,let-7f
DB00783,D012164,let-7f
DB03843,D012164,let-7f
DB00544,D012164,let-7f
DB01169,D012164,let-7f
DB01262,D012164,let-7f
DB01006,D012164,let-7f
DB00169,D012164,let-7f
DB04224,D011658,let-7f
DB00783,D011658,let-7f
DB03843,D011658,let-7f
DB00544,D011658,let-7f
DB01169,D011658,let-7f
DB01262,D011658,let-7f
DB01006,D011658,let-7f
DB00169,D011658,let-7f
DB00783,D010520,let-7f
DB01169,D010520,let-7f
DB00783,D011470,let-7f
DB00544,D011470,let-7f
DB01169,D011470,let-7f
DB01262,D011470,let-7f
DB01006,D011470,let-7f
DB04224,D011471,let-7f
DB00783,D011471,let-7f
DB03843,D011471,let-7f
DB00544,D011471,let-7f
DB01169,D011471,let-7f
DB01262,D011471,let-7f
DB01006,D011471,let-7f
DB00169,D011471,let-7f
DB04224,D010051,let-7f
DB00783,D010051,let-7f
DB03843,D010051,let-7f
DB00544,D010051,let-7f
DB01169,D010051,let-7f
DB01262,D010051,let-7f
DB01006,D010051,let-7f
DB00169,D010051,let-7f
DB04224,D009202,let-7f
DB00783,D009202,let-7f
DB03843,D009202,let-7f
DB00544,D009202,let-7f
DB01169,D009202,let-7f
DB01262,D009202,let-7f
DB01006,D009202,let-7f
DB00169,D009202,let-7f
DB04224,D001943,let-7f
DB00783,D001943,let-7f
DB03843,D001943,let-7f
DB00544,D001943,let-7f
DB01169,D001943,let-7f
DB01262,D001943,let-7f
DB01006,D001943,let-7f
DB00169,D001943,let-7f
DB04224,D066126,let-7f
DB00783,D066126,let-7f
DB03843,D066126,let-7f
DB00544,D066126,let-7f
DB01169,D066126,let-7f
DB01262,D066126,let-7f
DB01006,D066126,let-7f
DB00169,D066126,let-7f
DB04224,D007938,let-7f
DB00783,D007938,let-7f
DB03843,D007938,let-7f
DB00544,D007938,let-7f
DB01169,D007938,let-7f
DB01262,D007938,let-7f
DB01006,D007938,let-7f
DB00169,D007938,let-7f
DB04224,D017544,let-7f
DB00783,D017544,let-7f
DB03843,D017544,let-7f
DB00544,D017544,let-7f
DB01169,D017544,let-7f
DB01262,D017544,let-7f
DB01006,D017544,let-7f
DB00169,D017544,let-7f
DB04224,D002280,let-7f
DB00783,D002280,let-7f
DB03843,D002280,let-7f
DB00544,D002280,let-7f
DB01169,D002280,let-7f
DB01262,D002280,let-7f
DB01006,D002280,let-7f
DB00169,D002280,let-7f
DB04224,D015179,let-7f
DB00783,D015179,let-7f
DB03843,D015179,let-7f
DB00544,D015179,let-7f
DB01169,D015179,let-7f
DB01262,D015179,let-7f
DB01006,D015179,let-7f
DB00169,D015179,let-7f
DB04224,D008545,let-7f
DB00783,D008545,let-7f
DB03843,D008545,let-7f
DB00544,D008545,let-7f
DB01169,D008545,let-7f
DB01262,D008545,let-7f
DB01006,D008545,let-7f
DB00169,D008545,let-7f
DB04224,D005909,let-7f
DB00783,D005909,let-7f
DB03843,D005909,let-7f
DB00544,D005909,let-7f
DB01169,D005909,let-7f
DB01262,D005909,let-7f
DB01006,D005909,let-7f
DB00169,D005909,let-7f
DB04224,D013981,let-7f
DB00783,D013981,let-7f
DB04224,D016403,let-7f
DB00783,D016403,let-7f
DB03843,D016403,let-7f
DB00544,D016403,let-7f
DB01169,D016403,let-7f
DB01262,D016403,let-7f
DB01006,D016403,let-7f
DB00169,D016403,let-7f
DB04224,D064726,let-7f
DB00783,D064726,let-7f
DB03843,D064726,let-7f
DB00544,D064726,let-7f
DB01169,D064726,let-7f
DB01262,D064726,let-7f
DB00169,D064726,let-7f
DB00783,D007246,let-7f
DB03843,D007246,let-7f
DB01169,D007246,let-7f
DB01262,D007246,let-7f
DB00169,D007246,let-7f
DB04224,D014947,let-7f
DB00783,D014947,let-7f
DB03843,D014947,let-7f
DB00544,D014947,let-7f
DB01169,D014947,let-7f
DB01262,D014947,let-7f
DB01006,D014947,let-7f
DB00169,D014947,let-7f
DB04224,D014652,let-7f
DB00783,D014652,let-7f
DB03843,D014652,let-7f
DB00544,D014652,let-7f
DB01169,D014652,let-7f
DB01262,D014652,let-7f
DB01006,D014652,let-7f
DB00169,D014652,let-7f
DB04224,D055370,let-7f
DB00783,D055370,let-7f
DB03843,D055370,let-7f
DB00544,D055370,let-7f
DB01169,D055370,let-7f
DB01262,D055370,let-7f
DB01006,D055370,let-7f
DB00169,D055370,let-7f
DB04224,D056735,let-7f
DB00783,D056735,let-7f
DB03843,D056735,let-7f
DB00544,D056735,let-7f
DB01169,D056735,let-7f
DB01262,D056735,let-7f
DB04224,D002289,let-7f
DB00783,D002289,let-7f
DB03843,D002289,let-7f
DB00544,D002289,let-7f
DB01169,D002289,let-7f
DB01262,D002289,let-7f
DB01006,D002289,let-7f
DB00169,D002289,let-7f
DB04224,D010518,let-7f
DB00783,D010518,let-7f
DB03843,D010518,let-7f
DB00544,D010518,let-7f
DB01169,D010518,let-7f
DB01262,D010518,let-7f
DB01006,D010518,let-7f
DB04224,D001749,let-7f
DB00783,D001749,let-7f
DB03843,D001749,let-7f
DB00544,D001749,let-7f
DB01169,D001749,let-7f
DB01262,D001749,let-7f
DB01006,D001749,let-7f
DB00169,D001749,let-7f
DB04224,D012516,let-7f
DB00783,D012516,let-7f
DB03843,D012516,let-7f
DB00544,D012516,let-7f
DB01169,D012516,let-7f
DB01262,D012516,let-7f
DB01006,D012516,let-7f
DB00169,D012516,let-7f
DB04224,D008180,let-7f
DB00783,D008180,let-7f
DB03843,D008180,let-7f
DB00544,D008180,let-7f
DB01169,D008180,let-7f
DB01262,D008180,let-7f
DB01006,D008180,let-7f
DB00169,D008180,let-7f
DB04224,D050197,let-7f
DB00783,D050197,let-7f
DB03843,D050197,let-7f
DB00544,D050197,let-7f
DB01169,D050197,let-7f
DB01262,D050197,let-7f
DB01006,D050197,let-7f
DB00169,D050197,let-7f
DB04224,D002292,let-7f
DB00783,D002292,let-7f
DB03843,D002292,let-7f
DB00544,D002292,let-7f
DB01169,D002292,let-7f
DB01262,D002292,let-7f
DB01006,D002292,let-7f
DB00169,D002292,let-7f
DB04224,D009101,let-7f
DB00783,D009101,let-7f
DB03843,D009101,let-7f
DB00544,D009101,let-7f
DB01169,D009101,let-7f
DB01262,D009101,let-7f
DB01006,D009101,let-7f
DB00169,D009101,let-7f
DB04224,D009765,let-7f
DB00783,D009765,let-7f
DB03843,D009765,let-7f
DB00544,D009765,let-7f
DB01169,D009765,let-7f
DB01262,D009765,let-7f
DB01006,D009765,let-7f
DB00169,D009765,let-7f
DB04224,D008223,let-7f
DB00783,D008223,let-7f
DB03843,D008223,let-7f
DB00544,D008223,let-7f
DB01169,D008223,let-7f
DB01262,D008223,let-7f
DB00169,D008223,let-7f
DB04224,D015459,let-7f
DB00783,D015459,let-7f
DB03843,D015459,let-7f
DB00544,D015459,let-7f
DB01169,D015459,let-7f
DB01262,D015459,let-7f
DB01006,D015459,let-7f
DB00169,D015459,let-7f
